"","SongInfo","SongNum","SongSpeed","SongSel","SongPath"
"1","Song 4-Fast","Song 4","Fast","Dawn3","C:/Users/Alan Nielsen/Documents/GitHub/Song Matching Experiment/Simulated/Single/Stimuli/Dawn/Song 4-Fast-Dawn3-Silent.wav"
"2","Song 8-Control","Song 8","Control","Dawn2","C:/Users/Alan Nielsen/Documents/GitHub/Song Matching Experiment/Simulated/Single/Stimuli/Dawn/Song 8-Control-Dawn2-Silent.wav"
"3","Song 13-Slow","Song 13","Slow","Dawn1","C:/Users/Alan Nielsen/Documents/GitHub/Song Matching Experiment/Simulated/Single/Stimuli/Dawn/Song 13-Slow-Dawn1-Silent.wav"
"4","Song 13-Slow","Song 13","Slow","Dawn1","C:/Users/Alan Nielsen/Documents/GitHub/Song Matching Experiment/Simulated/Single/Stimuli/Dawn/Song 13-Slow-Dawn1-Silent.wav"
"5","Song 4-Fast","Song 4","Fast","Dawn3","C:/Users/Alan Nielsen/Documents/GitHub/Song Matching Experiment/Simulated/Single/Stimuli/Dawn/Song 4-Fast-Dawn3-Silent.wav"
"6","Song 8-Control","Song 8","Control","Dawn2","C:/Users/Alan Nielsen/Documents/GitHub/Song Matching Experiment/Simulated/Single/Stimuli/Dawn/Song 8-Control-Dawn2-Silent.wav"
"7","Song 13-Slow","Song 13","Slow","Dawn1","C:/Users/Alan Nielsen/Documents/GitHub/Song Matching Experiment/Simulated/Single/Stimuli/Dawn/Song 13-Slow-Dawn1-Silent.wav"
"8","Song 4-Fast","Song 4","Fast","Dawn3","C:/Users/Alan Nielsen/Documents/GitHub/Song Matching Experiment/Simulated/Single/Stimuli/Dawn/Song 4-Fast-Dawn3-Silent.wav"
"9","Song 8-Control","Song 8","Control","Dawn2","C:/Users/Alan Nielsen/Documents/GitHub/Song Matching Experiment/Simulated/Single/Stimuli/Dawn/Song 8-Control-Dawn2-Silent.wav"
"10","Song 4-Fast","Song 4","Fast","Dawn3","C:/Users/Alan Nielsen/Documents/GitHub/Song Matching Experiment/Simulated/Single/Stimuli/Dawn/Song 4-Fast-Dawn3-Silent.wav"
"11","Song 13-Slow","Song 13","Slow","Dawn1","C:/Users/Alan Nielsen/Documents/GitHub/Song Matching Experiment/Simulated/Single/Stimuli/Dawn/Song 13-Slow-Dawn1-Silent.wav"
"12","Song 8-Control","Song 8","Control","Dawn2","C:/Users/Alan Nielsen/Documents/GitHub/Song Matching Experiment/Simulated/Single/Stimuli/Dawn/Song 8-Control-Dawn2-Silent.wav"
"13","Song 8-Control","Song 8","Control","Dawn2","C:/Users/Alan Nielsen/Documents/GitHub/Song Matching Experiment/Simulated/Single/Stimuli/Dawn/Song 8-Control-Dawn2-Silent.wav"
"14","Song 13-Slow","Song 13","Slow","Dawn1","C:/Users/Alan Nielsen/Documents/GitHub/Song Matching Experiment/Simulated/Single/Stimuli/Dawn/Song 13-Slow-Dawn1-Silent.wav"
"15","Song 4-Fast","Song 4","Fast","Dawn3","C:/Users/Alan Nielsen/Documents/GitHub/Song Matching Experiment/Simulated/Single/Stimuli/Dawn/Song 4-Fast-Dawn3-Silent.wav"
"16","Song 13-Slow","Song 13","Slow","Dawn1","C:/Users/Alan Nielsen/Documents/GitHub/Song Matching Experiment/Simulated/Single/Stimuli/Dawn/Song 13-Slow-Dawn1-Silent.wav"
"17","Song 4-Fast","Song 4","Fast","Dawn3","C:/Users/Alan Nielsen/Documents/GitHub/Song Matching Experiment/Simulated/Single/Stimuli/Dawn/Song 4-Fast-Dawn3-Silent.wav"
"18","Song 8-Control","Song 8","Control","Dawn2","C:/Users/Alan Nielsen/Documents/GitHub/Song Matching Experiment/Simulated/Single/Stimuli/Dawn/Song 8-Control-Dawn2-Silent.wav"
"19","Song 4-Fast","Song 4","Fast","Dawn3","C:/Users/Alan Nielsen/Documents/GitHub/Song Matching Experiment/Simulated/Single/Stimuli/Dawn/Song 4-Fast-Dawn3-Silent.wav"
"20","Song 8-Control","Song 8","Control","Dawn2","C:/Users/Alan Nielsen/Documents/GitHub/Song Matching Experiment/Simulated/Single/Stimuli/Dawn/Song 8-Control-Dawn2-Silent.wav"
"21","Song 13-Slow","Song 13","Slow","Dawn1","C:/Users/Alan Nielsen/Documents/GitHub/Song Matching Experiment/Simulated/Single/Stimuli/Dawn/Song 13-Slow-Dawn1-Silent.wav"
"22","Song 4-Fast","Song 4","Fast","Dawn3","C:/Users/Alan Nielsen/Documents/GitHub/Song Matching Experiment/Simulated/Single/Stimuli/Dawn/Song 4-Fast-Dawn3-Silent.wav"
"23","Song 13-Slow","Song 13","Slow","Dawn1","C:/Users/Alan Nielsen/Documents/GitHub/Song Matching Experiment/Simulated/Single/Stimuli/Dawn/Song 13-Slow-Dawn1-Silent.wav"
"24","Song 8-Control","Song 8","Control","Dawn2","C:/Users/Alan Nielsen/Documents/GitHub/Song Matching Experiment/Simulated/Single/Stimuli/Dawn/Song 8-Control-Dawn2-Silent.wav"
"25","Song 4-Fast","Song 4","Fast","Dawn3","C:/Users/Alan Nielsen/Documents/GitHub/Song Matching Experiment/Simulated/Single/Stimuli/Dawn/Song 4-Fast-Dawn3-Silent.wav"
"26","Song 8-Control","Song 8","Control","Dawn2","C:/Users/Alan Nielsen/Documents/GitHub/Song Matching Experiment/Simulated/Single/Stimuli/Dawn/Song 8-Control-Dawn2-Silent.wav"
"27","Song 13-Slow","Song 13","Slow","Dawn1","C:/Users/Alan Nielsen/Documents/GitHub/Song Matching Experiment/Simulated/Single/Stimuli/Dawn/Song 13-Slow-Dawn1-Silent.wav"
"28","Song 4-Fast","Song 4","Fast","Dawn3","C:/Users/Alan Nielsen/Documents/GitHub/Song Matching Experiment/Simulated/Single/Stimuli/Dawn/Song 4-Fast-Dawn3-Silent.wav"
"29","Song 13-Slow","Song 13","Slow","Dawn1","C:/Users/Alan Nielsen/Documents/GitHub/Song Matching Experiment/Simulated/Single/Stimuli/Dawn/Song 13-Slow-Dawn1-Silent.wav"
"30","Song 8-Control","Song 8","Control","Dawn2","C:/Users/Alan Nielsen/Documents/GitHub/Song Matching Experiment/Simulated/Single/Stimuli/Dawn/Song 8-Control-Dawn2-Silent.wav"
